Track n°,Slice n°,X,Y,Distance,Velocity,Pixel Value
1,1,642,414,-1.000,-1.000,-3504761
1,2,646,429,2.003,1.001,-28783
1,3,648,440,1.442,0.721,-294781
1,4,637,437,1.471,0.735,-745563
1,5,645,434,1.102,0.551,-10328961
1,6,644,438,0.532,0.266,-1932933
1,7,651,437,0.912,0.456,-223594
1,8,659,438,1.040,0.520,-262659
1,9,650,457,2.712,1.356,-29043
1,10,646,454,0.645,0.323,-1145991
1,11,643,463,1.224,0.612,-32123
1,12,653,456,1.575,0.787,-196610
1,13,648,463,1.110,0.555,-154198
1,14,629,467,2.505,1.252,-29810
1,15,631,467,0.258,0.129,-97407
1,16,623,469,1.064,0.532,-424573
1,17,617,465,0.930,0.465,-12
1,18,620,462,0.547,0.274,-14906
1,19,620,462,0.000,0.000,-8227
1,20,620,462,0.000,0.000,-7968
1,21,620,462,0.000,0.000,-83274
1,22,620,462,0.000,0.000,-1283
1,23,620,462,0.000,0.000,-1029
1,24,620,462,0.000,0.000,-66307
1,25,620,462,0.000,0.000,-1029
1,26,620,462,0.000,0.000,-26730
1,27,613,460,0.939,0.470,-351841
1,28,603,468,1.652,0.826,-2576199
1,29,602,468,0.129,0.065,-217420
1,30,602,468,0.000,0.000,-721412
1,31,597,469,0.658,0.329,-15154
1,32,595,469,0.258,0.129,-154205
1,33,595,470,0.129,0.065,-4625026
1,34,591,471,0.532,0.266,-1933183
1,35,584,471,0.903,0.452,-10981504
1,36,584,471,0.000,0.000,-7774866
1,37,584,471,0.000,0.000,-7246975
1,38,604,467,2.631,1.316,-26472
1,39,596,470,1.102,0.551,-2523509
1,40,593,470,0.387,0.194,-753533
1,41,584,470,1.161,0.581,-1737591
1,42,581,471,0.408,0.204,-10717553
1,43,579,472,0.288,0.144,-5338715
1,44,576,473,0.408,0.204,-1212024
1,45,574,467,0.816,0.408,-146748
1,46,574,467,0.000,0.000,-10285
1,47,575,464,0.408,0.204,-17474
1,48,569,462,0.816,0.408,-28526
1,49,567,462,0.258,0.129,-950915
1,50,567,462,0.000,0.000,-1147265
1,51,566,463,0.182,0.091,-1343874
1,52,566,463,0.000,0.000,-16709
1,53,566,463,0.000,0.000,-1606019
1,54,561,467,0.826,0.413,-33914
1,55,560,470,0.408,0.204,-2709570
1,56,560,470,0.000,0.000,-6777429
1,57,560,470,0.000,0.000,-2706490
1,58,560,468,0.258,0.129,-491647
1,59,560,468,0.000,0.000,-1278081
1,60,559,469,0.182,0.091,-20818
1,61,549,471,1.316,0.658,-12946785
1,62,543,477,1.095,0.547,-1211774
1,63,537,499,2.942,1.471,-218719
1,64,537,502,0.387,0.194,-1539454
1,65,533,504,0.577,0.288,-359813
1,66,530,510,0.865,0.433,-7904126
1,67,528,510,0.258,0.129,-1211523
1,68,519,510,1.161,0.581,-12225388
1,69,516,509,0.408,0.204,-9674620
1,70,512,509,0.516,0.258,-10461061
1,71,511,508,0.182,0.091,-2782832
1,72,505,505,0.865,0.433,-2130048
1,73,502,505,0.387,0.194,-817532
1,74,502,505,0.000,0.000,-81725
1,75,502,505,0.000,0.000,-479064
1,76,502,505,0.000,0.000,-817784
1,77,501,505,0.129,0.065,-618090
1,78,490,514,1.833,0.917,-17474
1,79,478,517,1.596,0.798,-1606019
1,80,478,517,0.000,0.000,-622465
1,81,477,517,0.129,0.065,-15423
1,82,473,518,0.532,0.266,-1015676
1,83,465,520,1.064,0.532,-133647
1,84,453,522,1.569,0.785,-2823
1,85,445,524,1.064,0.532,-155754
1,86,445,524,0.000,0.000,-32380
1,87,447,519,0.695,0.347,-210747
1,88,443,528,1.271,0.635,-97405
1,89,438,532,0.826,0.413,-673092
1,90,431,531,0.912,0.456,-917505
1,91,431,531,0.000,0.000,-1703937
1,92,431,531,0.000,0.000,-1703937
1,93,428,525,0.865,0.433,-5141
1,94,418,515,1.824,0.912,-13364
1,95,418,515,0.000,0.000,-78647
1,96,409,528,2.040,1.020,-198150
1,97,394,552,3.651,1.825,-273458
1,98,381,546,1.847,0.923,-1275239
1,99,373,562,2.308,1.154,-339757
1,100,361,575,2.282,1.141,-66307
1,101,352,594,2.712,1.356,-152148
1,102,349,604,1.347,0.673,-5646617
1,103,342,571,4.352,2.176,-151375
1,104,342,622,6.579,3.290,-23903
1,105,344,635,1.697,0.848,-23123
1,106,348,646,1.510,0.755,-25442
1,107,330,655,2.596,1.298,-1015425
1,108,312,662,2.491,1.246,-10317387
1,109,322,674,2.015,1.008,-556926
1,110,333,693,2.832,1.416,-885122
1,111,335,696,0.465,0.233,-163452
1,112,319,695,2.068,1.034,-885124
1,113,327,710,2.193,1.097,-294268
1,114,322,713,0.752,0.376,-1408899
1,115,315,710,0.982,0.491,-31098
1,116,316,718,1.040,0.520,-8284738
1,117,316,718,0.000,0.000,-12484185
1,118,311,730,1.677,0.839,-21072
1,119,311,730,0.000,0.000,-163452
1,120,301,739,1.736,0.868,-12219199
1,121,298,742,0.547,0.274,-5674380
1,122,293,751,1.328,0.664,-15678
1,123,295,760,1.189,0.595,-23643
1,124,304,772,1.935,0.968,-688764
1,125,310,785,1.847,0.923,-951169
1,126,313,786,0.408,0.204,-30836
1,127,321,793,1.371,0.686,-1409921
1,128,329,801,1.459,0.730,-1409149
1,129,341,795,1.731,0.865,-1736574
1,130,346,800,0.912,0.456,-1147267
1,131,352,806,1.095,0.547,-884611
1,132,365,800,1.847,0.923,-2194556
1,133,365,801,0.129,0.065,-3503727
1,134,381,807,2.204,1.102,-819329
1,135,386,816,1.328,0.664,-1278083
1,136,393,820,1.040,0.520,-2653825
1,137,406,822,1.697,0.848,-490881
1,138,415,823,1.168,0.584,-295299
1,139,425,824,1.296,0.648,-490879
1,140,435,822,1.316,0.658,-490877
1,141,439,828,0.930,0.465,-96373
1,142,449,830,1.316,0.658,-2718853
1,143,450,830,0.129,0.065,-284762
1,144,450,830,0.000,0.000,-8295046
1,145,460,829,1.296,0.648,-550247
1,146,461,827,0.288,0.144,-2260612
1,147,464,827,0.387,0.194,-1408897
1,148,471,825,0.939,0.470,-1408897
1,149,479,823,1.064,0.532,-26728
1,150,479,822,0.129,0.065,-32890
1,151,483,821,0.532,0.266,-1539192
1,152,487,821,0.516,0.258,-33671
1,153,491,819,0.577,0.288,-16198
1,154,496,806,1.797,0.898,-294783
1,155,501,797,1.328,0.664,-8685669
1,156,509,794,1.102,0.551,-1081733
1,157,528,787,2.612,1.306,-357485
1,158,532,794,1.040,0.520,-5207639
1,159,534,794,0.258,0.129,-1472886
1,160,552,785,2.596,1.298,-25442
1,161,547,804,2.534,1.267,-25698
1,162,553,788,2.204,1.102,-25186
1,163,560,780,1.371,0.686,-1145991
1,164,566,776,0.930,0.465,-7038289
1,165,577,757,2.832,1.416,-211760
1,166,586,765,1.553,0.777,-21331
1,167,571,755,2.326,1.163,-11561
1,168,591,763,2.779,1.389,-22617
1,169,593,763,0.258,0.129,-18505
1,170,605,764,1.553,0.777,-425865
1,171,623,758,2.448,1.224,-951417
1,172,622,757,0.182,0.091,-275508
1,173,633,751,1.616,0.808,-753281
1,174,642,740,1.833,0.917,-1082235
1,175,642,740,0.000,0.000,-2392191
1,176,644,736,0.577,0.288,-676425
1,177,653,731,1.328,0.664,-24418
1,178,654,728,0.408,0.204,-1474179
1,179,654,726,0.258,0.129,-1409149
1,180,656,721,0.695,0.347,-1083266
1,181,656,717,0.516,0.258,-29802
1,182,658,716,0.288,0.144,-360824
1,183,660,734,2.336,1.168,-15162
1,184,658,724,1.316,0.658,-360063
1,185,658,717,0.903,0.452,-133136
1,186,661,707,1.347,0.673,-4370
1,187,663,721,1.824,0.912,-11501175
1,188,667,719,0.577,0.288,-11244142
1,189,672,710,1.328,0.664,-622981
1,190,671,701,1.168,0.584,-197121
1,191,683,669,4.409,2.204,-216139
1,192,680,667,0.465,0.233,-1
1,193,683,671,0.645,0.323,-1029
1,194,663,666,2.659,1.330,-2052
1,195,667,664,0.577,0.288,-337958
1,196,669,659,0.695,0.347,-1
1,197,680,649,1.918,0.959,-142640
1,198,677,640,1.224,0.612,-196865
1,199,677,637,0.387,0.194,-294783
1,200,677,628,1.161,0.581,-1283
1,201,677,627,0.129,0.065,-13878
1,202,677,626,0.129,0.065,-1
1,203,677,626,0.000,0.000,-25434
1,204,677,626,0.000,0.000,-262407
1,205,677,625,0.129,0.065,-462851
1,206,677,624,0.129,0.065,-2259588
1,207,677,624,0.000,0.000,-1729378
1,208,678,622,0.288,0.144,-7106401
1,209,678,624,0.258,0.129,-2032897
1,210,681,619,0.752,0.376,-68106
1,211,681,618,0.129,0.065,-2
1,212,681,618,0.000,0.000,-133899
1,213,681,618,0.000,0.000,-131073
1,214,681,618,0.000,0.000,-131073
1,215,681,617,0.129,0.065,-1016192
1,216,681,617,0.000,0.000,-819331
1,217,681,617,0.000,0.000,-32897
1,218,680,601,2.068,1.034,-810606
1,219,680,601,0.000,0.000,-427121
1,220,680,601,0.000,0.000,-18
1,221,680,601,0.000,0.000,-146496
1,222,678,592,1.189,0.595,-66049
1,223,678,592,0.000,0.000,-65794
1,224,677,585,0.912,0.456,-196610
1,225,674,578,0.982,0.491,-65796
1,226,674,574,0.516,0.258,-89183
1,227,669,570,0.826,0.413,-333327
1,228,666,567,0.547,0.274,-12226921
1,229,665,565,0.288,0.144,-12872770
1,230,665,565,0.000,0.000,-9728850
1,231,668,563,0.465,0.233,-6643031
1,232,668,564,0.129,0.065,-1081987
1,233,668,564,0.000,0.000,-1072216
1,234,660,559,1.217,0.608,-17990
1,235,654,553,1.095,0.547,-426371
1,236,647,534,2.612,1.306,-1212542
1,237,647,534,0.000,0.000,-1081985
1,238,647,534,0.000,0.000,-1409403
1,239,647,534,0.000,0.000,-1867894
1,240,647,534,0.000,0.000,-2522746
1,241,647,534,0.000,0.000,-23641
1,242,647,534,0.000,0.000,-556411
1,243,647,534,0.000,0.000,-34936
1,244,640,533,0.912,0.456,-290425
1,245,629,532,1.425,0.712,-25442
1,246,631,531,0.288,0.144,-3101766
1,247,631,531,0.000,0.000,-3501412
1,248,631,531,0.000,0.000,-2912873
1,249,631,531,0.000,0.000,-2303249
1,250,632,527,0.532,0.266,-10983053
1,251,632,527,0.000,0.000,-7965805
1,252,632,530,0.387,0.194,-28785
1,253,632,530,0.000,0.000,-2784380
1,254,631,530,0.129,0.065,-2390376
1,255,631,530,0.000,0.000,-3374691
1,256,631,530,0.000,0.000,-7832939
1,257,629,528,0.365,0.182,-3569522
1,258,629,528,0.000,0.000,-688762
1,259,628,527,0.182,0.091,-30833
1,260,626,523,0.577,0.288,-79158
1,261,630,517,0.930,0.465,-8996
1,262,628,515,0.365,0.182,-7965
1,263,629,515,0.129,0.065,-21594
1,264,629,515,0.000,0.000,-88153
1,265,627,514,0.288,0.144,-227191
1,266,627,514,0.000,0.000,-412753
1,267,627,514,0.000,0.000,-687229
1,268,624,513,0.408,0.204,-163965
1,269,617,513,0.903,0.452,-281419
1,270,618,511,0.288,0.144,-556922
1,271,615,511,0.387,0.194,-7226402
1,272,619,513,0.577,0.288,-11824
1,273,619,513,0.000,0.000,-29819
1,274,618,513,0.129,0.065,-2390915
1,275,616,512,0.288,0.144,-12880501
1,276,611,509,0.752,0.376,-885385
1,277,600,501,1.755,0.877,-226676
1,278,601,501,0.129,0.065,-1540224
1,279,596,499,0.695,0.347,-347210
1,280,595,497,0.288,0.144,-28783
1,281,587,493,1.154,0.577,-221799
1,282,590,493,0.387,0.194,-24933
1,283,597,494,0.912,0.456,-28025
1,284,599,492,0.365,0.182,-459521
1,285,598,492,0.129,0.065,-2912884
1,286,596,484,1.064,0.532,-1540489
1,287,593,483,0.408,0.204,-1147519
1,288,584,482,1.168,0.584,-2063742
1,289,583,482,0.129,0.065,-5136
1,290,582,482,0.129,0.065,-1277822
1,291,580,482,0.258,0.129,-1081472
1,292,575,481,0.658,0.329,-1343876
1,293,575,481,0.000,0.000,-12849
1,294,569,481,0.774,0.387,-20045
1,295,568,481,0.129,0.065,-514
1,296,566,480,0.288,0.144,-2195839
1,297,561,479,0.658,0.329,-1277570
1,298,558,478,0.408,0.204,-1543
1,299,554,477,0.532,0.266,-23899
1,300,552,477,0.258,0.129,-14390
1,301,550,477,0.258,0.129,-681317
1,302,550,477,0.000,0.000,-1212538
1,303,548,476,0.288,0.144,-165246
1,304,544,474,0.577,0.288,-2653825
1,305,543,474,0.129,0.065,-21078
1,306,542,474,0.129,0.065,-2059
1,307,540,473,0.288,0.144,-84556
1,308,538,472,0.288,0.144,-215626
1,309,525,475,1.721,0.861,-140327
1,310,516,472,1.224,0.612,-1406055
1,311,515,471,0.182,0.091,-11177563
1,312,510,471,0.645,0.323,-1923146
1,313,509,471,0.129,0.065,-143666
1,314,505,474,0.645,0.323,-25703
1,315,492,477,1.721,0.861,-416862
1,316,491,477,0.129,0.065,-739399
1,317,483,478,1.040,0.520,-97659
1,318,480,476,0.465,0.233,-491647
1,319,466,482,1.965,0.982,-16976
1,320,459,478,1.040,0.520,-9259
1,321,456,477,0.408,0.204,-343100
1,322,447,473,1.271,0.635,-924437
1,323,446,472,0.182,0.091,-3950659
1,324,441,470,0.695,0.347,-6939
1,325,440,470,0.129,0.065,-34177
1,326,437,470,0.387,0.194,-8944476
1,327,431,470,0.774,0.387,-10319956
1,328,422,470,1.161,0.581,-475972
1,329,418,470,0.516,0.258,-10979416
1,330,412,472,0.816,0.408,-8156030
1,331,403,478,1.395,0.698,-24671
1,332,392,483,1.559,0.779,-2326396
1,333,382,485,1.316,0.658,-426369
1,334,379,486,0.408,0.204,-262145
1,335,355,490,3.139,1.569,-609096
1,336,342,496,1.847,0.923,-15161
1,337,335,502,1.189,0.595,-18253
1,338,329,504,0.816,0.408,-24924
1,339,322,504,0.903,0.452,-423806
1,340,313,502,1.189,0.595,-33150
1,341,308,501,0.658,0.329,-404013
1,342,307,501,0.129,0.065,-23389
1,343,306,501,0.129,0.065,-85584
1,344,300,502,0.785,0.392,-214342
1,345,281,511,2.712,1.356,-8084552
1,346,276,502,1.328,0.664,-7451
1,347,280,515,1.755,0.877,-204834
1,348,284,505,1.389,0.695,-461063
1,349,280,509,0.730,0.365,-4626
1,350,276,507,0.577,0.288,-23121
1,351,274,506,0.288,0.144,-747882
1,352,266,514,1.459,0.730,-770
1,353,268,505,1.189,0.595,-1543
1,354,264,506,0.532,0.266,-524289
1,355,261,504,0.465,0.233,-342587
1,356,258,495,1.224,0.612,-11562
1,357,261,490,0.752,0.376,-1474433
1,358,253,489,1.040,0.520,-8747626
1,359,250,491,0.465,0.233,-10451553
1,360,245,495,0.826,0.413,-268829
1,361,245,495,0.000,0.000,-17213
1,362,242,495,0.387,0.194,-477515
1,363,242,495,0.000,0.000,-516
1,364,242,495,0.000,0.000,-20558
1,365,240,502,0.939,0.470,-6169
1,366,240,503,0.129,0.065,-223594
1,367,238,503,0.258,0.129,-266001
1,368,228,518,2.326,1.163,-13619
1,369,229,515,0.408,0.204,-196612
1,370,229,515,0.000,0.000,-16961
1,371,229,515,0.000,0.000,-22099
1,372,226,513,0.465,0.233,-144438
1,373,226,513,0.000,0.000,-2326655
1,374,226,513,0.000,0.000,-294268
1,375,225,513,0.129,0.065,-1408897
1,376,215,514,1.296,0.648,-19539
1,377,209,515,0.785,0.392,-144438
1,378,205,515,0.516,0.258,-425856
1,379,202,515,0.387,0.194,-1283
1,380,200,520,0.695,0.347,-3597
1,381,199,518,0.288,0.144,-340018
1,382,196,516,0.465,0.233,-17476
1,383,183,527,2.197,1.098,-286561
1,384,182,527,0.129,0.065,-22869
1,385,181,527,0.129,0.065,-412753
1,386,174,520,1.277,0.639,-660507
1,387,174,522,0.258,0.129,-15428
1,388,174,522,0.000,0.000,-2129535
1,389,174,522,0.000,0.000,-21585
1,390,174,522,0.000,0.000,-65794
1,391,180,533,1.616,0.808,-458755
1,392,187,532,0.912,0.456,-25183
1,393,185,525,0.939,0.470,-738626
1,394,184,524,0.182,0.091,-407095
1,395,187,522,0.465,0.233,-394761
1,396,187,522,0.000,0.000,-266001
1,397,186,522,0.129,0.065,-16456
1,398,186,522,0.000,0.000,-525064
1,399,186,522,0.000,0.000,-394761
1,400,186,522,0.000,0.000,-133386
1,401,186,522,0.000,0.000,-16965
1,402,184,520,0.365,0.182,-23637
1,403,183,519,0.182,0.091,-1287
1,404,183,519,0.000,0.000,-206116
1,405,180,516,0.547,0.274,-516
1,406,188,512,1.154,0.577,-3598
1,407,190,510,0.365,0.182,-5913
1,408,191,508,0.288,0.144,-5915
1,409,198,504,1.040,0.520,-4110
1,410,198,504,0.000,0.000,-11825
1,411,208,495,1.736,0.868,-15672
1,412,208,495,0.000,0.000,-18755
1,413,208,495,0.000,0.000,-341048
1,414,208,495,0.000,0.000,-5655
1,415,208,495,0.000,0.000,-19528
1,416,208,495,0.000,0.000,-407095
1,417,208,495,0.000,0.000,-5401
1,418,208,495,0.000,0.000,-10536
1,419,208,494,0.129,0.065,-18757
1,420,208,489,0.645,0.323,-273195
1,421,208,489,0.000,0.000,-336421
1,422,208,489,0.000,0.000,-405557
1,423,209,489,0.129,0.065,-226678
1,424,212,493,0.645,0.323,-720897
1,425,212,492,0.129,0.065,-458753
1,426,212,492,0.000,0.000,-15930
1,427,212,486,0.774,0.387,-462097
1,428,212,483,0.387,0.194,-67595
1,429,212,483,0.000,0.000,-223081
1,430,218,473,1.504,0.752,-1063223
1,431,215,463,1.347,0.673,-350044
1,432,213,457,0.816,0.408,-1147267
1,433,214,443,1.811,0.905,-622467
1,434,210,439,0.730,0.365,-7452
1,435,207,438,0.408,0.204,-147002
1,436,207,437,0.129,0.065,-93293
1,437,207,436,0.129,0.065,-12336
1,438,207,435,0.129,0.065,-212543
1,439,207,434,0.129,0.065,-14137
1,440,207,434,0.000,0.000,-336423
1,441,207,431,0.387,0.194,-949129
1,442,206,441,1.296,0.648,-210999
1,443,205,441,0.129,0.065,-275254
1,444,205,440,0.129,0.065,-556672
1,445,205,440,0.000,0.000,-688772
1,446,209,429,1.510,0.755,-2129283
1,447,209,429,0.000,0.000,-98170
1,448,208,423,0.785,0.392,-1801345
1,449,207,418,0.658,0.329,-622719
1,450,206,413,0.658,0.329,-689276
1,451,211,406,1.110,0.555,-1867138
1,452,211,406,0.000,0.000,-1998210
1,453,211,403,0.387,0.194,-1147267
1,454,211,402,0.129,0.065,-1015938
1,455,211,397,0.645,0.323,-1
1,456,210,392,0.658,0.329,-34176
1,457,210,383,1.161,0.581,-752768
1,458,210,374,1.161,0.581,-1932150
1,459,210,374,0.000,0.000,-1597540
1,460,211,372,0.288,0.144,-1081983
1,461,212,370,0.288,0.144,-294783
1,462,220,366,1.154,0.577,-79156
1,463,220,364,0.258,0.129,-1277570
1,464,219,364,0.129,0.065,-484454
1,465,229,359,1.442,0.721,-1932413
1,466,229,359,0.000,0.000,-3344
1,467,240,353,1.616,0.808,-4118
1,468,251,346,1.682,0.841,-361860
1,469,257,343,0.865,0.433,-2588801
1,470,279,335,3.020,1.510,-2320486
1,471,280,332,0.408,0.204,-2979965
1,472,289,329,1.224,0.612,-273197
1,473,292,328,0.408,0.204,-29815
1,474,295,326,0.465,0.233,-227191
1,475,297,325,0.288,0.144,-24416
1,476,299,324,0.288,0.144,-29297
1,477,303,322,0.577,0.288,-23388
1,478,303,322,0.000,0.000,-622206
1,479,303,322,0.000,0.000,-556672
1,480,307,320,0.577,0.288,-223594
1,481,312,319,0.658,0.329,-1338202
1,482,315,321,0.465,0.233,-286557
1,483,327,322,1.553,0.777,-20307
1,484,327,322,0.000,0.000,-6683
1,485,327,322,0.000,0.000,-8225
1,486,327,322,0.000,0.000,-31614
1,487,333,320,0.816,0.408,-90209
1,488,341,318,1.064,0.532,-141872
1,489,342,318,0.129,0.065,-426108
1,490,344,316,0.365,0.182,-8225
1,491,346,314,0.365,0.182,-336934
1,492,532,318,24.000,12.000,-9412236
1,493,532,318,0.000,0.000,-11182471
1,494,544,318,1.548,0.774,-7503454
1,495,565,322,2.758,1.379,-1287
1,496,593,332,3.835,1.918,-3595
1,497,592,332,0.129,0.065,-14907
1,498,604,333,1.553,0.777,-284499
1,499,604,334,0.129,0.065,-1408122
1,500,608,336,0.577,0.288,-31602
2,1,472,810,-1.000,-1.000,-344897
2,2,464,807,1.102,0.551,-24159
2,3,491,814,3.598,1.799,-291188
2,4,481,802,2.015,1.008,-18251
2,5,473,810,1.459,0.730,-19277
2,6,476,810,0.387,0.194,-818815
2,7,496,809,2.583,1.292,-492414
2,8,496,809,0.000,0.000,-4369
2,9,490,811,0.816,0.408,-949631
2,10,490,811,0.000,0.000,-354403
2,11,490,811,0.000,0.000,-31356
2,12,498,805,1.290,0.645,-4362
2,13,498,805,0.000,0.000,-29299
2,14,499,805,0.129,0.065,-2824
2,15,499,805,0.000,0.000,-358264
2,16,508,805,1.161,0.581,-16963
2,17,511,804,0.408,0.204,-267799
2,18,518,803,0.912,0.456,-3085
2,19,519,803,0.129,0.065,-18254
2,20,524,798,0.912,0.456,-9252
2,21,529,794,0.826,0.413,-12346
2,22,535,792,0.816,0.408,-71968
2,23,540,792,0.645,0.323,-131587
2,24,552,794,1.569,0.785,-3547929
2,25,558,794,0.774,0.387,-131587
2,26,565,782,1.792,0.896,-15157
2,27,565,773,1.161,0.581,-18243
2,28,566,771,0.288,0.144,-352093
2,29,587,784,3.186,1.593,-4628
2,30,597,772,2.015,1.008,-772
2,31,598,765,0.912,0.456,-4882
2,32,589,779,2.147,1.073,-257
2,33,590,778,0.182,0.091,-1
2,34,583,778,0.903,0.452,-2293761
2,35,583,778,0.000,0.000,-6761767
2,36,584,775,0.408,0.204,-1025
2,37,584,775,0.000,0.000,-131587
2,38,578,776,0.785,0.392,-1376769
2,39,567,785,1.833,0.917,-27233
2,40,567,785,0.000,0.000,-218969
2,41,575,784,1.040,0.520,-490364
2,42,582,779,1.110,0.555,-1188625
2,43,586,775,0.730,0.365,-30330
2,44,595,763,1.935,0.968,-160633
2,45,597,762,0.288,0.144,-1671294
2,46,594,762,0.387,0.194,-152661
2,47,594,762,0.000,0.000,-1604995
2,48,601,755,1.277,0.639,-140577
2,49,601,755,0.000,0.000,-551262
2,50,620,744,2.832,1.416,-7705
2,51,617,744,0.387,0.194,-15425
2,52,619,738,0.816,0.408,-925198
2,53,619,737,0.129,0.065,-267797
2,54,619,737,0.000,0.000,-139812
2,55,619,737,0.000,0.000,-8984
2,56,621,736,0.288,0.144,-819065
2,57,629,733,1.102,0.551,-403501
2,58,640,731,1.442,0.721,-275254
2,59,642,730,0.288,0.144,-26726
2,60,657,727,1.973,0.987,-24670
2,61,661,724,0.645,0.323,-70934
2,62,661,724,0.000,0.000,-278850
2,63,660,724,0.129,0.065,-1801
2,64,659,724,0.129,0.065,-33151
2,65,661,721,0.465,0.233,-1255717
2,66,661,718,0.387,0.194,-12489353
2,67,661,716,0.258,0.129,-94577
2,68,664,708,1.102,0.551,-15936
2,69,664,706,0.258,0.129,-198663
2,70,664,706,0.000,0.000,-1192765
2,71,664,706,0.000,0.000,-210747
2,72,661,698,1.102,0.551,-8821364
2,73,661,696,0.258,0.129,-663337
2,74,668,691,1.110,0.555,-264202
2,75,673,687,0.826,0.413,-14388
2,76,675,681,0.816,0.408,-275758
2,77,675,680,0.129,0.065,-10272
2,78,675,680,0.000,0.000,-23655
2,79,682,666,2.019,1.010,-471343
2,80,682,666,0.000,0.000,-1126440
2,81,682,655,1.419,0.710,-133640
2,82,682,655,0.000,0.000,-613214
2,83,684,648,0.939,0.470,-262148
2,84,684,647,0.129,0.065,-991245
2,85,684,645,0.258,0.129,-12030069
2,86,684,639,0.774,0.387,-69905
2,87,684,639,0.000,0.000,-133899
2,88,684,635,0.516,0.258,-410440
2,89,684,632,0.387,0.194,-143407
2,90,684,629,0.387,0.194,-1575685
2,91,682,622,0.939,0.470,-1705992
2,92,682,622,0.000,0.000,-525314
2,93,679,620,0.465,0.233,-11767415
2,94,676,615,0.752,0.376,-65794
2,95,673,613,0.465,0.233,-7455
2,96,671,611,0.365,0.182,-72733
2,97,667,607,0.730,0.365,-3418891
2,98,664,604,0.547,0.274,-10981995
2,99,662,598,0.816,0.408,-30839
2,100,662,598,0.000,0.000,-16961
2,101,661,596,0.288,0.144,-163198
2,102,660,591,0.658,0.329,-161133
2,103,658,583,1.064,0.532,-619637
2,104,657,581,0.288,0.144,-32125
2,105,654,577,0.645,0.323,-1027
2,106,652,574,0.465,0.233,-203290
2,107,649,567,0.982,0.491,-12354396
2,108,648,565,0.288,0.144,-598566
2,109,654,563,0.816,0.408,-270376
2,110,654,563,0.000,0.000,-281680
2,111,656,562,0.288,0.144,-949883
2,112,656,557,0.645,0.323,-8738
2,113,650,554,0.865,0.433,-30068
2,114,650,554,0.000,0.000,-142644
2,115,650,552,0.258,0.129,-6939
2,116,649,550,0.288,0.144,-17212
2,117,648,548,0.288,0.144,-8362358
2,118,648,547,0.129,0.065,-10983555
2,119,647,544,0.408,0.204,-226413
2,120,646,541,0.408,0.204,-28270
2,121,642,537,0.730,0.365,-18760
2,122,647,535,0.695,0.347,-216909
2,123,642,534,0.658,0.329,-19793
2,124,640,533,0.288,0.144,-27241
2,125,640,533,0.000,0.000,-30839
2,126,639,533,0.129,0.065,-12858
2,127,636,531,0.465,0.233,-1
2,128,636,531,0.000,0.000,-9504
2,129,635,531,0.129,0.065,-350296
2,130,634,531,0.129,0.065,-263173
2,131,631,530,0.408,0.204,-1007967
2,132,630,529,0.182,0.091,-9470291
2,133,629,529,0.129,0.065,-350542
2,134,629,529,0.000,0.000,-4282431
2,135,628,529,0.129,0.065,-6183230
2,136,628,529,0.000,0.000,-2123873
2,137,628,529,0.000,0.000,-1537
2,138,625,538,1.224,0.612,-70421
2,139,624,538,0.129,0.065,-338219
2,140,617,538,0.903,0.452,-163198
2,141,613,537,0.532,0.266,-29292
2,142,611,537,0.258,0.129,-21844
2,143,601,536,1.296,0.648,-12849
2,144,601,536,0.000,0.000,-27242
2,145,601,536,0.000,0.000,-22875
2,146,601,536,0.000,0.000,-28273
2,147,593,535,1.040,0.520,-278848
2,148,593,535,0.000,0.000,-482909
2,149,593,535,0.000,0.000,-354149
2,150,584,532,1.224,0.612,-33410
2,151,576,533,1.040,0.520,-356979
2,152,576,533,0.000,0.000,-424832
2,153,565,534,1.425,0.712,-2831
2,154,562,534,0.387,0.194,-487284
2,155,542,534,2.580,1.290,-31866
2,156,535,532,0.939,0.470,-13369
2,157,532,529,0.547,0.274,-12161117
2,158,519,527,1.697,0.848,-2260353
2,159,505,525,1.824,0.912,-19791
2,160,487,517,2.541,1.271,-28269
2,161,483,514,0.645,0.323,-420207
2,162,477,512,0.816,0.408,-12341
2,163,466,508,1.510,0.755,-11835505
2,164,461,507,0.658,0.329,-1146494
2,165,454,503,1.040,0.520,-1408899
2,166,450,502,0.532,0.266,-1278081
2,167,449,501,0.182,0.091,-27239
2,168,444,501,0.645,0.323,-216659
2,169,438,499,0.816,0.408,-404526
2,170,424,502,1.847,0.923,-30071
2,171,409,506,2.003,1.001,-1474181
2,172,423,514,2.080,1.040,-7972
2,173,412,519,1.559,0.779,-157553
2,174,399,523,1.755,0.877,-160120
2,175,393,525,0.816,0.408,-542027
2,176,393,520,0.645,0.323,-65794
2,177,393,520,0.000,0.000,-65794
2,178,392,520,0.129,0.065,-360574
2,179,381,519,1.425,0.712,-227187
2,180,375,520,0.785,0.392,-621956
2,181,363,520,1.548,0.774,-31352
2,182,359,520,0.516,0.258,-26469
2,183,356,520,0.387,0.194,-514
2,184,335,522,2.721,1.361,-489080
2,185,315,523,2.583,1.292,-356983
2,186,308,518,1.110,0.555,-97659
2,187,300,521,1.102,0.551,-688261
2,188,294,532,1.616,0.808,-5139
2,189,285,514,2.596,1.298,-3854
2,190,285,514,0.000,0.000,-770
2,191,284,510,0.532,0.266,-4802872
2,192,284,510,0.000,0.000,-6441789
2,193,257,527,4.116,2.058,-262145
2,194,255,523,0.577,0.288,-66309
2,195,261,518,1.008,0.504,-196610
2,196,257,512,0.930,0.465,-66561
2,197,254,506,0.865,0.433,-5403
2,198,251,503,0.547,0.274,-1
2,199,250,503,0.129,0.065,-23395
2,200,249,502,0.182,0.091,-65794
2,201,250,495,0.912,0.456,-25693
2,202,250,494,0.129,0.065,-131073
2,203,249,492,0.288,0.144,-32888
2,204,241,491,1.040,0.520,-17987
2,205,234,488,0.982,0.491,-2256235
2,206,231,487,0.408,0.204,-480858
2,207,224,488,0.912,0.456,-220766
2,208,212,489,1.553,0.777,-4621681
2,209,203,490,1.168,0.584,-10985090
2,210,200,490,0.387,0.194,-11706237
2,211,197,489,0.408,0.204,-217170
2,212,190,492,0.982,0.491,-13369
2,213,188,484,1.064,0.532,-358778
2,214,184,478,0.930,0.465,-131587
2,215,183,477,0.182,0.091,-351587
2,216,187,474,0.645,0.323,-162677
2,217,187,470,0.516,0.258,-7963766
2,218,182,488,2.410,1.205,-723724
2,219,177,493,0.912,0.456,-212282
2,220,177,493,0.000,0.000,-602670
2,221,177,491,0.258,0.129,-819079
2,222,176,488,0.408,0.204,-29808
2,223,176,487,0.129,0.065,-294268
2,224,175,484,0.408,0.204,-540230
2,225,174,479,0.658,0.329,-17990
2,226,174,479,0.000,0.000,-2129535
2,227,174,478,0.129,0.065,-19791
2,228,174,478,0.000,0.000,-292730
2,229,174,473,0.645,0.323,-142894
2,230,174,473,0.000,0.000,-491647
2,231,172,493,2.593,1.296,-11049
2,232,172,499,0.774,0.387,-425854
2,233,172,502,0.387,0.194,-19277
2,234,171,507,0.658,0.329,-2053453
2,235,171,508,0.129,0.065,-2586985
2,236,168,513,0.752,0.376,-163711
2,237,167,514,0.182,0.091,-1278081
2,238,157,540,3.594,1.797,-4882
2,239,158,534,0.785,0.392,-15418
2,240,156,526,1.064,0.532,-15414
2,241,151,540,1.918,0.959,-65794
2,242,147,537,0.645,0.323,-346440
2,243,146,540,0.408,0.204,-28265
2,244,145,541,0.182,0.091,-66049
2,245,145,542,0.129,0.065,-66049
2,246,143,551,1.189,0.595,-665635
2,247,141,560,1.189,0.595,-281421
2,248,141,551,1.161,0.581,-133897
2,249,143,544,0.939,0.470,-516
2,250,144,542,0.288,0.144,-65794
2,251,152,551,1.553,0.777,-10798
2,252,152,551,0.000,0.000,-3335
2,253,152,551,0.000,0.000,-15427
2,254,152,551,0.000,0.000,-527112
2,255,152,551,0.000,0.000,-527112
2,256,152,551,0.000,0.000,-20824
2,257,147,547,0.826,0.413,-407860
2,258,147,547,0.000,0.000,-83022
2,259,146,535,1.553,0.777,-18761
2,260,146,531,0.516,0.258,-68353
2,261,155,529,1.189,0.595,-6683
2,262,155,529,0.000,0.000,-262145
2,263,155,551,2.838,1.419,-65794
2,264,155,551,0.000,0.000,-196610
2,265,166,537,2.297,1.148,-10278
2,266,164,541,0.577,0.288,-8221
2,267,163,540,0.182,0.091,-12080
2,268,161,529,1.442,0.721,-7709
2,269,161,529,0.000,0.000,-290934
2,270,156,523,1.008,0.504,-26724
2,271,156,519,0.516,0.258,-29815
2,272,159,524,0.752,0.376,-401184
2,273,159,518,0.774,0.387,-404265
2,274,157,511,0.939,0.470,-885122
2,275,157,510,0.129,0.065,-531991
2,276,161,508,0.577,0.288,-262659
2,277,161,508,0.000,0.000,-393985
2,278,162,507,0.182,0.091,-922890
2,279,162,507,0.000,0.000,-131591
2,280,169,505,0.939,0.470,-668206
2,281,172,496,1.224,0.612,-1029
2,282,173,500,0.532,0.266,-133386
2,283,173,498,0.258,0.129,-16447
2,284,170,511,1.721,0.861,-74270
2,285,170,511,0.000,0.000,-97659
2,286,170,506,0.645,0.323,-2853506
2,287,170,504,0.258,0.129,-31855
2,288,168,495,1.189,0.595,-688009
2,289,168,495,0.000,0.000,-7195
2,290,168,495,0.000,0.000,-223583
2,291,171,484,1.471,0.735,-425858
2,292,172,482,0.288,0.144,-277823
2,293,172,479,0.387,0.194,-65794
2,294,172,476,0.387,0.194,-65794
2,295,172,475,0.129,0.065,-65794
2,296,172,475,0.000,0.000,-6167
2,297,181,457,2.596,1.298,-210495
2,298,181,449,1.032,0.516,-4155247
2,299,177,442,1.040,0.520,-22612
2,300,177,440,0.258,0.129,-86606
2,301,177,435,0.645,0.323,-11045
2,302,180,430,0.752,0.376,-7041619
2,303,176,425,0.826,0.413,-513
2,304,175,410,1.939,0.970,-144436
2,305,172,399,1.471,0.735,-358262
2,306,170,391,1.064,0.532,-465440
2,307,169,379,1.553,0.777,-20057
2,308,169,379,0.000,0.000,-1933950
2,309,173,369,1.389,0.695,-950915
2,310,174,367,0.288,0.144,-1474433
2,311,174,366,0.129,0.065,-819326
2,312,175,365,0.182,0.091,-426367
2,313,175,363,0.258,0.129,-1998980
2,314,175,362,0.129,0.065,-684915
2,315,181,351,1.616,0.808,-948850
2,316,188,330,2.856,1.428,-1277570
2,317,189,341,1.425,0.712,-10795
2,318,180,337,1.271,0.635,-131329
2,319,176,346,1.271,0.635,-196610
2,320,186,338,1.652,0.826,-7707013
2,321,186,331,0.903,0.452,-413007
2,322,192,335,0.930,0.465,-263689
2,323,196,330,0.826,0.413,-336423
2,324,204,323,1.371,0.686,-69651
2,325,202,325,0.365,0.182,-884611
2,326,206,318,1.040,0.520,-347214
2,327,206,316,0.258,0.129,-1314577
2,328,209,313,0.547,0.274,-514
2,329,209,316,0.387,0.194,-85334
2,330,211,329,1.697,0.848,-409155
2,331,212,329,0.129,0.065,-357231
2,332,223,322,1.682,0.841,-228223
2,333,225,317,0.695,0.347,-226930
2,334,225,317,0.000,0.000,-31604
2,335,225,316,0.129,0.065,-5908
2,336,260,310,4.581,2.290,-23645
2,337,269,303,1.471,0.735,-22869
2,338,269,303,0.000,0.000,-11307
2,339,275,307,0.930,0.465,-79927
2,340,279,300,1.040,0.520,-787713
2,341,281,294,0.816,0.408,-65794
2,342,282,292,0.288,0.144,-346946
2,343,285,292,0.387,0.194,-65796
2,344,296,290,1.442,0.721,-66305
2,345,316,293,2.609,1.304,-143405
2,346,317,291,0.288,0.144,-1025
2,347,317,291,0.000,0.000,-1287
2,348,317,291,0.000,0.000,-518
2,349,333,288,2.100,1.050,-795940
2,350,326,281,1.277,0.639,-17996
2,351,331,283,0.695,0.347,-31612
2,352,344,277,1.847,0.923,-920070
2,353,344,277,0.000,0.000,-459521
2,354,344,277,0.000,0.000,-393217
2,355,344,277,0.000,0.000,-131841
2,356,332,282,1.677,0.839,-1
2,357,337,280,0.695,0.347,-1
2,358,342,274,1.008,0.504,-665133
2,359,342,268,0.774,0.387,-199694
2,360,345,264,0.645,0.323,-131073
2,361,345,255,1.161,0.581,-142123
2,362,351,253,0.816,0.408,-622206
2,363,362,247,1.616,0.808,-66305
2,364,370,244,1.102,0.551,-407097
2,365,381,239,1.559,0.779,-8347458
2,366,388,234,1.110,0.555,-16959
2,367,392,232,0.577,0.288,-1033
2,368,395,231,0.408,0.204,-229758
2,369,403,229,1.064,0.532,-26472
2,370,403,229,0.000,0.000,-24153
2,371,410,227,0.939,0.470,-360576
2,372,413,228,0.408,0.204,-27761
2,373,412,227,0.182,0.091,-1671040
2,374,412,227,0.000,0.000,-8484
2,375,412,226,0.129,0.065,-360063
2,376,415,225,0.408,0.204,-22360
2,377,416,225,0.129,0.065,-4350030
2,378,416,225,0.000,0.000,-5527365
2,379,417,225,0.129,0.065,-2891022
2,380,417,225,0.000,0.000,-74266
2,381,417,226,0.129,0.065,-26984
2,382,423,224,0.816,0.408,-15672
2,383,424,224,0.129,0.065,-13621
2,384,425,224,0.129,0.065,-27757
2,385,428,223,0.408,0.204,-2313
2,386,436,223,1.032,0.516,-4085588
2,387,436,223,0.000,0.000,-272926
2,388,439,223,0.387,0.194,-24670
2,389,443,223,0.516,0.258,-328451
2,390,435,224,1.040,0.520,-1
2,391,435,224,0.000,0.000,-68876
2,392,485,216,6.532,3.266,-7710
2,393,463,225,3.066,1.533,-1048577
2,394,468,226,0.658,0.329,-131841
2,395,476,226,1.032,0.516,-514
2,396,472,224,0.577,0.288,-1029
2,397,479,229,1.110,0.555,-153692
2,398,485,229,0.774,0.387,-516
2,399,492,227,0.939,0.470,-65794
2,400,492,227,0.000,0.000,-16711
2,401,492,227,0.000,0.000,-14651
2,402,499,226,0.912,0.456,-5676179
2,403,499,226,0.000,0.000,-395009
2,404,501,225,0.288,0.144,-65794
2,405,501,225,0.000,0.000,-984833
2,406,501,225,0.000,0.000,-984833
2,407,501,225,0.000,0.000,-393729
2,408,501,225,0.000,0.000,-4112
2,409,502,225,0.129,0.065,-155743
2,410,505,224,0.408,0.204,-1
2,411,524,216,2.659,1.330,-79158
2,412,527,215,0.408,0.204,-412757
2,413,533,213,0.816,0.408,-72222
2,414,538,211,0.695,0.347,-15679
2,415,540,210,0.288,0.144,-350042
2,416,545,209,0.658,0.329,-488821
2,417,548,210,0.408,0.204,-10278
2,418,570,213,2.864,1.432,-14908
2,419,578,219,1.290,0.645,-2454382
2,420,580,220,0.288,0.144,-3226157
2,421,580,220,0.000,0.000,-1245185
2,422,582,224,0.577,0.288,-29555
2,423,584,228,0.577,0.288,-21588
2,424,584,231,0.387,0.194,-344132
2,425,587,237,0.865,0.433,-419429
2,426,587,238,0.129,0.065,-618090
2,427,588,242,0.532,0.266,-2319
2,428,590,250,1.064,0.532,-218969
2,429,590,250,0.000,0.000,-514
2,430,590,252,0.258,0.129,-66049
2,431,589,264,1.553,0.777,-2826
2,432,587,269,0.695,0.347,-20304
2,433,587,269,0.000,0.000,-144436
2,434,586,271,0.288,0.144,-407097
2,435,586,271,0.000,0.000,-548704
2,436,586,274,0.387,0.194,-1081222
2,437,587,277,0.408,0.204,-356451
2,438,588,278,0.182,0.091,-418912
2,439,588,278,0.000,0.000,-1146497
2,440,588,278,0.000,0.000,-228475
2,441,589,280,0.288,0.144,-2653562
2,442,589,280,0.000,0.000,-1212024
2,443,589,281,0.129,0.065,-1409149
2,444,589,282,0.129,0.065,-2981762
2,445,589,282,0.000,0.000,-490627
2,446,589,282,0.000,0.000,-30066
2,447,589,282,0.000,0.000,-281932
2,448,592,283,0.408,0.204,-949883
2,449,595,288,0.752,0.376,-1539202
2,450,597,291,0.465,0.233,-287590
2,451,602,298,1.110,0.555,-11503464
2,452,602,299,0.129,0.065,-12488824
2,453,603,300,0.182,0.091,-401436
2,454,603,301,0.129,0.065,-21320
2,455,604,302,0.182,0.091,-394244
2,456,604,303,0.129,0.065,-201493
2,457,606,304,0.288,0.144,-32124
2,458,609,307,0.547,0.274,-1212288
2,459,611,312,0.695,0.347,-30329
2,460,612,318,0.785,0.392,-1666904
2,461,612,318,0.000,0.000,-7199
2,462,613,322,0.532,0.266,-66049
2,463,613,323,0.129,0.065,-19537
2,464,614,328,0.658,0.329,-131589
2,465,613,327,0.182,0.091,-516
2,466,610,324,0.547,0.274,-65794
2,467,566,315,5.794,2.897,-5325634
2,468,561,318,0.752,0.376,-214342
2,469,569,309,1.553,0.777,-1285
2,470,570,305,0.532,0.266,-196610
2,471,570,305,0.000,0.000,-157290
2,472,570,305,0.000,0.000,-196612
2,473,576,304,0.785,0.392,-26723
2,474,576,304,0.000,0.000,-150612
2,475,583,310,1.189,0.595,-65794
2,476,583,310,0.000,0.000,-65794
2,477,583,310,0.000,0.000,-201489
2,478,583,310,0.000,0.000,-65794
2,479,585,316,0.816,0.408,-393729
2,480,585,316,0.000,0.000,-131073
2,481,585,316,0.000,0.000,-143155
2,482,588,321,0.752,0.376,-25186
2,483,589,323,0.288,0.144,-33920
2,484,590,326,0.408,0.204,-78643
2,485,591,326,0.129,0.065,-10281
2,486,591,328,0.258,0.129,-14642
2,487,592,329,0.182,0.091,-1543
2,488,594,332,0.465,0.233,-211258
2,489,612,337,2.410,1.205,-1275251
2,490,612,337,0.000,0.000,-720897
2,491,620,344,1.371,0.686,-10793
2,492,620,344,0.000,0.000,-1
2,493,620,344,0.000,0.000,-535335
2,494,620,344,0.000,0.000,-2565
2,495,624,356,1.632,0.816,-6165
2,496,628,360,0.730,0.365,-396558
2,497,629,361,0.182,0.091,-201491
2,498,629,361,0.000,0.000,-265999
2,499,629,362,0.129,0.065,-360576
2,500,632,365,0.547,0.274,-26474
3,1,346,523,-1.000,-1.000,-1276799
3,2,348,516,0.939,0.470,-79931
3,3,348,516,0.000,0.000,-424312
3,4,348,516,0.000,0.000,-15161
3,5,346,516,0.258,0.129,-68108
3,6,342,514,0.577,0.288,-622467
3,7,342,514,0.000,0.000,-1146494
3,8,342,514,0.000,0.000,-262659
3,9,340,513,0.288,0.144,-157026
3,10,318,504,3.066,1.533,-344391
3,11,318,504,0.000,0.000,-7203
3,12,318,504,0.000,0.000,-1179662
3,13,318,504,0.000,0.000,-14136
3,14,316,504,0.258,0.129,-267538
3,15,307,496,1.553,0.777,-21847
3,16,302,496,0.645,0.323,-622465
3,17,298,496,0.516,0.258,-13102
3,18,286,491,1.677,0.839,-12622713
3,19,281,486,0.912,0.456,-153692
3,20,278,482,0.645,0.323,-152661
3,21,271,476,1.189,0.595,-25187
3,22,237,478,4.394,2.197,-19270
3,23,257,476,2.593,1.296,-90211
3,24,254,473,0.547,0.274,-2978678
3,25,252,473,0.258,0.129,-1797724
3,26,246,474,0.785,0.392,-95088
3,27,241,476,0.695,0.347,-1474179
3,28,234,479,0.982,0.491,-1081985
3,29,234,479,0.000,0.000,-24159
3,30,219,487,2.193,1.097,-10720919
3,31,219,489,0.258,0.129,-12622974
3,32,219,489,0.000,0.000,-4928257
3,33,226,489,0.903,0.452,-294779
3,34,227,489,0.129,0.065,-69392
3,35,236,488,1.168,0.584,-65537
3,36,257,479,2.947,1.474,-275506
3,37,266,475,1.271,0.635,-16967
3,38,266,475,0.000,0.000,-24155
3,39,264,473,0.365,0.182,-8884095
3,40,264,473,0.000,0.000,-9662566
3,41,271,459,2.019,1.010,-27498
3,42,271,459,0.000,0.000,-5141
3,43,271,459,0.000,0.000,-13108
3,44,271,459,0.000,0.000,-82239
3,45,272,458,0.182,0.091,-27756
3,46,280,457,1.040,0.520,-1015676
3,47,277,456,0.408,0.204,-464927
3,48,275,456,0.258,0.129,-4373
3,49,271,453,0.645,0.323,-294018
3,50,268,449,0.645,0.323,-7505002
3,51,267,441,1.040,0.520,-2063742
3,52,267,441,0.000,0.000,-9259
3,53,264,435,0.865,0.433,-1066052
3,54,257,431,1.040,0.520,-5911
3,55,254,423,1.102,0.551,-514
3,56,254,423,0.000,0.000,-5653
3,57,248,411,1.731,0.865,-328966
3,58,248,411,0.000,0.000,-14912
3,59,249,410,0.182,0.091,-2761481
3,60,246,400,1.347,0.673,-17481
3,61,243,382,2.354,1.177,-20561
3,62,241,377,0.695,0.347,-2260351
3,63,240,374,0.408,0.204,-1535595
3,64,235,369,0.912,0.456,-77612
3,65,228,366,0.982,0.491,-140325
3,66,220,365,1.040,0.520,-13622
3,67,217,360,0.752,0.376,-556926
3,68,216,353,0.912,0.456,-286809
3,69,216,353,0.000,0.000,-1005658
3,70,223,349,1.040,0.520,-1474431
3,71,223,347,0.258,0.129,-490877
3,72,227,337,1.389,0.695,-1015938
3,73,227,337,0.000,0.000,-410440
3,74,232,331,1.008,0.504,-13877
3,75,232,331,0.000,0.000,-94063
3,76,232,331,0.000,0.000,-164978
3,77,241,328,1.224,0.612,-819326
3,78,247,322,1.095,0.547,-22365
3,79,242,322,0.645,0.323,-688261
3,80,242,321,0.129,0.065,-227708
3,81,242,319,0.258,0.129,-1079936
3,82,243,318,0.182,0.091,-1606782
3,83,245,315,0.465,0.233,-18503
3,84,259,308,2.019,1.010,-23132
3,85,259,304,0.516,0.258,-885376
3,86,270,284,2.944,1.472,-1867903
3,87,282,272,2.189,1.095,-15158
3,88,284,273,0.288,0.144,-623230
3,89,293,265,1.553,0.777,-29295
3,90,295,261,0.577,0.288,-18763
3,91,296,260,0.182,0.091,-28021
3,92,300,258,0.577,0.288,-4357209
3,93,305,255,0.752,0.376,-556672
3,94,310,248,1.110,0.555,-220512
3,95,311,247,0.182,0.091,-23390
3,96,314,241,0.865,0.433,-3226157
3,97,314,233,1.032,0.516,-1867138
3,98,314,231,0.258,0.129,-2326657
3,99,320,229,0.816,0.408,-1540478
3,100,324,228,0.532,0.266,-1539452
3,101,333,222,1.395,0.698,-12491374
3,102,334,222,0.129,0.065,-5805939
3,103,340,218,0.930,0.465,-2522494
3,104,348,205,1.969,0.985,-2064001
3,105,352,205,0.516,0.258,-1408374
3,106,364,204,1.553,0.777,-163461
3,107,366,203,0.288,0.144,-12228727
3,108,369,202,0.408,0.204,-618338
3,109,370,201,0.182,0.091,-1474944
3,110,371,201,0.129,0.065,-158321
3,111,374,201,0.387,0.194,-1343874
3,112,380,199,0.816,0.408,-203290
3,113,391,197,1.442,0.721,-14133
3,114,402,195,1.442,0.721,-543825
3,115,405,194,0.408,0.204,-514
3,116,418,191,1.721,0.861,-289387
3,117,421,191,0.387,0.194,-753281
3,118,430,190,1.168,0.584,-19789
3,119,435,189,0.658,0.329,-153176
3,120,449,189,1.806,0.903,-1543
3,121,475,202,3.750,1.875,-210495
3,122,484,205,1.224,0.612,-6847349
3,123,488,199,0.930,0.465,-349272
3,124,488,196,0.387,0.194,-83783
3,125,488,196,0.000,0.000,-7458
3,126,497,208,1.935,0.968,-19531
3,127,501,211,0.645,0.323,-24167
3,128,502,211,0.129,0.065,-6166
3,129,502,211,0.000,0.000,-13618
3,130,522,209,2.593,1.296,-3085
3,131,523,214,0.658,0.329,-6169
3,132,530,214,0.903,0.452,-272172
3,133,531,214,0.129,0.065,-20045
3,134,541,213,1.296,0.648,-97918
3,135,552,213,1.419,0.710,-32124
3,136,557,218,0.912,0.456,-358780
3,137,557,218,0.000,0.000,-6938
3,138,565,231,1.969,0.985,-284760
3,139,571,239,1.290,0.645,-131589
3,140,572,239,0.129,0.065,-9250
3,141,575,241,0.465,0.233,-15674
3,142,579,246,0.826,0.413,-728848
3,143,583,252,0.930,0.465,-514
3,144,584,253,0.182,0.091,-2831
3,145,592,258,1.217,0.608,-770
3,146,594,258,0.258,0.129,-406843
3,147,601,260,0.939,0.470,-720897
3,148,608,263,0.982,0.491,-27757
3,149,614,266,0.865,0.433,-75311
3,150,618,268,0.577,0.288,-223081
3,151,627,272,1.271,0.635,-25442
3,152,628,273,0.182,0.091,-7712
3,153,635,283,1.575,0.787,-259
3,154,633,282,0.288,0.144,-481112
3,155,641,288,1.290,0.645,-138015
3,156,641,288,0.000,0.000,-22616
3,157,641,288,0.000,0.000,-18251
3,158,644,292,0.645,0.323,-1474429
3,159,644,293,0.129,0.065,-65794
3,160,657,310,2.761,1.380,-269083
3,161,663,318,1.290,0.645,-12094329
3,162,678,337,3.123,1.561,-13215122
3,163,691,350,2.372,1.186,-1278848
3,164,693,349,0.288,0.144,-1081733
3,165,696,359,1.347,0.673,-1015938
3,166,701,364,0.912,0.456,-487799
3,167,700,371,0.912,0.456,-33660
3,168,700,377,0.774,0.387,-18750
3,169,698,380,0.465,0.233,-1007466
3,170,698,386,0.774,0.387,-1737087
3,171,698,388,0.258,0.129,-1606269
3,172,697,393,0.658,0.329,-8153681
3,173,695,401,1.064,0.532,-1997693
3,174,691,416,2.003,1.001,-1213573
3,175,690,421,0.658,0.329,-1539456
3,176,687,426,0.752,0.376,-80957
3,177,686,429,0.408,0.204,-554360
3,178,678,439,1.652,0.826,-97405
3,179,677,441,0.288,0.144,-1408640
3,180,669,454,1.969,0.985,-25948
3,181,668,455,0.182,0.091,-294518
3,182,669,454,0.182,0.091,-884860
3,183,666,456,0.465,0.233,-514
3,184,660,466,1.504,0.752,-32640
3,185,658,468,0.365,0.182,-262657
3,186,655,468,0.387,0.194,-616042
3,187,655,468,0.000,0.000,-32646
3,188,651,468,0.516,0.258,-1
3,189,651,468,0.000,0.000,-1670292
3,190,640,478,1.918,0.959,-774
3,191,640,478,0.000,0.000,-2653825
3,192,637,480,0.465,0.233,-77614
3,193,632,482,0.695,0.347,-23649
3,194,628,484,0.577,0.288,-1342341
3,195,618,490,1.504,0.752,-1984312
3,196,618,491,0.129,0.065,-3047805
3,197,616,492,0.288,0.144,-5013870
3,198,613,493,0.408,0.204,-1547
3,199,612,493,0.129,0.065,-1868673
3,200,612,492,0.129,0.065,-1014132
3,201,612,492,0.000,0.000,-493700
3,202,612,492,0.000,0.000,-12032388
3,203,610,492,0.258,0.129,-2585970
3,204,608,492,0.258,0.129,-203038
3,205,602,492,0.774,0.387,-5905
3,206,590,500,1.860,0.930,-622206
3,207,578,504,1.632,0.816,-732716
3,208,569,505,1.168,0.584,-884088
3,209,563,508,0.865,0.433,-2037508
3,210,563,508,0.000,0.000,-2893834
3,211,555,506,1.064,0.532,-864564
3,212,549,500,1.095,0.547,-619637
3,213,539,498,1.316,0.658,-272426
3,214,554,483,2.737,1.368,-6940
3,215,554,483,0.000,0.000,-1735552
3,216,554,483,0.000,0.000,-622204
3,217,540,484,1.811,0.905,-819326
3,218,548,484,1.032,0.516,-885376
3,219,548,484,0.000,0.000,-8481
3,220,537,484,1.419,0.710,-514
3,221,536,485,0.182,0.091,-294531
3,222,528,487,1.064,0.532,-263173
3,223,522,487,0.774,0.387,-132101
3,224,521,487,0.129,0.065,-66307
3,225,515,488,0.785,0.392,-720897
3,226,538,484,3.012,1.506,-673874
3,227,538,484,0.000,0.000,-211780
3,228,530,484,1.032,0.516,-12850
3,229,530,484,0.000,0.000,-20822
3,230,529,484,0.129,0.065,-1408376
3,231,529,484,0.000,0.000,-2833
3,232,522,486,0.939,0.470,-1015425
3,233,518,486,0.516,0.258,-26466
3,234,514,486,0.516,0.258,-865077
3,235,514,486,0.000,0.000,-8754524
3,236,509,493,1.110,0.555,-162428
3,237,501,495,1.064,0.532,-3359805
3,238,499,496,0.288,0.144,-205859
3,239,490,499,1.224,0.612,-65796
3,240,486,500,0.532,0.266,-513
3,241,481,502,0.695,0.347,-516
3,242,479,502,0.258,0.129,-514
3,243,474,512,1.442,0.721,-516
3,244,477,517,0.752,0.376,-196610
3,245,464,518,1.682,0.841,-1025
3,246,457,521,0.982,0.491,-65794
3,247,456,523,0.288,0.144,-263173
3,248,450,530,1.189,0.595,-769
3,249,440,539,1.736,0.868,-770
3,250,431,541,1.189,0.595,-770
3,251,416,543,1.952,0.976,-7970
3,252,418,537,0.816,0.408,-65794
3,253,417,537,0.129,0.065,-85323
3,254,417,537,0.000,0.000,-65796
3,255,417,537,0.000,0.000,-262659
3,256,413,539,0.577,0.288,-1798
3,257,416,533,0.865,0.433,-26988
3,258,417,536,0.408,0.204,-131589
3,259,413,535,0.532,0.266,-67591
3,260,413,535,0.000,0.000,-65794
3,261,411,535,0.258,0.129,-66049
3,262,410,535,0.129,0.065,-513
3,263,407,535,0.387,0.194,-66309
3,264,408,537,0.288,0.144,-66309
3,265,408,537,0.000,0.000,-66309
3,266,408,536,0.129,0.065,-516
3,267,443,619,11.620,5.810,-408639
3,268,438,621,0.695,0.347,-75302
3,269,436,623,0.365,0.182,-31864
3,270,432,626,0.645,0.323,-2710361
3,271,430,632,0.816,0.408,-360315
3,272,423,635,0.982,0.491,-469808
3,273,422,635,0.129,0.065,-1015678
3,274,421,638,0.408,0.204,-158834
3,275,419,640,0.365,0.182,-27750
3,276,421,645,0.695,0.347,-1066556
3,277,423,650,0.695,0.347,-27752
3,278,423,652,0.258,0.129,-292469
3,279,423,652,0.000,0.000,-65794
3,280,423,653,0.129,0.065,-262146
3,281,423,653,0.000,0.000,-90463
3,282,427,664,1.510,0.755,-467493
3,283,428,669,0.658,0.329,-30321
3,284,428,671,0.258,0.129,-514
3,285,427,675,0.532,0.266,-408126
3,286,423,680,0.826,0.413,-26472
3,287,421,682,0.365,0.182,-6670
3,288,422,693,1.425,0.712,-358264
3,289,422,700,0.903,0.452,-67093
3,290,420,708,1.064,0.532,-14652
3,291,418,713,0.695,0.347,-546905
3,292,418,719,0.774,0.387,-7634008
3,293,418,723,0.516,0.258,-2627344
3,294,418,728,0.645,0.323,-67591
3,295,417,729,0.182,0.091,-513
3,296,407,727,1.316,0.658,-29292
3,297,406,728,0.182,0.091,-486504
3,298,406,729,0.129,0.065,-65796
3,299,406,732,0.387,0.194,-65796
3,300,406,733,0.129,0.065,-514
3,301,409,735,0.465,0.233,-65796
3,302,413,741,0.930,0.465,-393473
3,303,420,753,1.792,0.896,-393218
3,304,431,762,1.833,0.917,-79929
3,305,431,762,0.000,0.000,-65794
3,306,467,775,4.938,2.469,-65794
3,307,441,757,4.079,2.040,-65796
3,308,444,764,0.982,0.491,-65794
3,309,529,787,11.359,5.680,-65794
3,310,530,791,0.532,0.266,-987652
3,311,564,798,4.478,2.239,-12080
3,312,587,800,2.978,1.489,-1013878
3,313,595,801,1.040,0.520,-90461
3,314,598,800,0.408,0.204,-355949
3,315,604,800,0.774,0.387,-21324
3,316,608,795,0.826,0.413,-516
3,317,613,787,1.217,0.608,-514
3,318,587,795,3.509,1.755,-280133
3,319,596,798,1.224,0.612,-5911822
3,320,604,790,1.459,0.730,-12334
3,321,612,786,1.154,0.577,-133899
3,322,620,781,1.217,0.608,-6166
3,323,620,781,0.000,0.000,-861220
3,324,613,787,1.189,0.595,-65794
3,325,613,787,0.000,0.000,-28281
3,326,613,787,0.000,0.000,-7195
3,327,613,787,0.000,0.000,-1800
3,328,613,785,0.258,0.129,-10274
3,329,617,778,1.040,0.520,-5594707
3,330,618,777,0.182,0.091,-7629132
3,331,625,771,1.189,0.595,-13108
3,332,635,762,1.736,0.868,-148295
3,333,641,756,1.095,0.547,-163963
3,334,643,749,0.939,0.470,-262146
3,335,645,744,0.695,0.347,-462351
3,336,656,735,1.833,0.917,-66049
3,337,660,732,0.645,0.323,-66049
3,338,671,712,2.944,1.472,-65794
3,339,671,708,0.516,0.258,-131589
3,340,671,699,1.161,0.581,-131073
3,341,670,696,0.408,0.204,-196610
3,342,670,694,0.258,0.129,-6421
3,343,670,685,1.161,0.581,-131587
3,344,672,679,0.816,0.408,-9511
3,345,676,670,1.271,0.635,-18760
3,346,677,666,0.532,0.266,-286055
3,347,679,663,0.465,0.233,-9857617
3,348,683,657,0.930,0.465,-32123
3,349,684,654,0.408,0.204,-32122
3,350,689,649,0.912,0.456,-1736574
3,351,689,641,1.032,0.516,-1670792
3,352,689,637,0.516,0.258,-555639
3,353,676,631,1.847,0.923,-4882
3,354,680,627,0.730,0.365,-328966
3,355,684,619,1.154,0.577,-17994
3,356,685,616,0.408,0.204,-132103
3,357,685,612,0.516,0.258,-514
3,358,685,605,0.903,0.452,-10328971
3,359,688,600,0.752,0.376,-71186
3,360,687,592,1.040,0.520,-15934
3,361,684,588,0.645,0.323,-818825
3,362,683,583,0.658,0.329,-1670792
3,363,681,575,1.064,0.532,-770
3,364,679,570,0.695,0.347,-26729
3,365,677,567,0.465,0.233,-4666146
3,366,676,565,0.288,0.144,-32124
3,367,672,562,0.645,0.323,-516
3,368,668,558,0.730,0.365,-20043
3,369,661,554,1.040,0.520,-3
3,370,653,550,1.154,0.577,-1
3,371,653,550,0.000,0.000,-1
3,372,653,550,0.000,0.000,-13102
3,373,652,549,0.182,0.091,-2522226
3,374,642,549,1.290,0.645,-393473
3,375,642,548,0.129,0.065,-395521
3,376,641,549,0.182,0.091,-533275
3,377,630,535,2.297,1.148,-616555
3,378,629,535,0.129,0.065,-490618
3,379,623,537,0.816,0.408,-65796
3,380,632,544,1.471,0.735,-1
3,381,632,544,0.000,0.000,-139810
3,382,631,544,0.129,0.065,-329995
3,383,626,540,0.826,0.413,-3083
3,384,622,537,0.645,0.323,-66309
3,385,618,537,0.516,0.258,-196610
3,386,617,537,0.129,0.065,-10022
3,387,609,536,1.040,0.520,-278852
3,388,604,535,0.658,0.329,-214609
3,389,594,533,1.316,0.658,-132616
3,390,593,533,0.129,0.065,-769
3,391,601,530,1.102,0.551,-1027
3,392,598,528,0.465,0.233,-13012841
3,393,596,528,0.258,0.129,-12947048
3,394,592,528,0.516,0.258,-458753
3,395,587,527,0.658,0.329,-1048577
3,396,585,531,0.577,0.288,-1027
3,397,585,531,0.000,0.000,-514
3,398,585,531,0.000,0.000,-1285
3,399,582,539,1.102,0.551,-131587
3,400,572,547,1.652,0.826,-65796
3,401,572,547,0.000,0.000,-396554
3,402,572,547,0.000,0.000,-328964
3,403,569,545,0.465,0.233,-7230279
3,404,569,545,0.000,0.000,-3616554
3,405,571,546,0.288,0.144,-459009
3,406,562,602,7.317,3.658,-131589
3,407,560,589,1.697,0.848,-262145
3,408,568,574,2.193,1.097,-514
3,409,571,563,1.471,0.735,-472636
3,410,571,558,0.645,0.323,-196865
3,411,571,558,0.000,0.000,-66049
3,412,571,579,2.709,1.355,-21840
3,413,567,572,1.040,0.520,-1029
3,414,567,572,0.000,0.000,-3
3,415,565,573,0.288,0.144,-8731
3,416,565,573,0.000,0.000,-65542
3,417,565,573,0.000,0.000,-196614
3,418,565,573,0.000,0.000,-65796
3,419,564,573,0.129,0.065,-11051
3,420,563,572,0.182,0.091,-5654
3,421,561,570,0.365,0.182,-133640
3,422,559,568,0.365,0.182,-884862
3,423,559,568,0.000,0.000,-1015930
3,424,557,567,0.288,0.144,-412235
3,425,556,565,0.288,0.144,-22615
3,426,555,567,0.288,0.144,-337958
3,427,549,579,1.731,0.865,-135444
3,428,543,588,1.395,0.698,-30067
3,429,540,589,0.408,0.204,-29299
3,430,527,587,1.697,0.848,-74530
3,431,526,585,0.288,0.144,-5395
3,432,526,585,0.000,0.000,-923933
3,433,525,584,0.182,0.091,-407610
3,434,522,581,0.547,0.274,-3598
3,435,522,581,0.000,0.000,-4884
3,436,520,581,0.258,0.129,-224879
3,437,519,581,0.129,0.065,-2313
3,438,496,587,3.066,1.533,-11699541
3,439,496,591,0.516,0.258,-347727
3,440,496,591,0.000,0.000,-148293
3,441,496,591,0.000,0.000,-360061
3,442,494,591,0.258,0.129,-5911
3,443,492,592,0.288,0.144,-18761
3,444,490,593,0.288,0.144,-27246
3,445,483,593,0.903,0.452,-770
3,446,483,593,0.000,0.000,-734263
3,447,467,621,4.160,2.080,-262657
3,448,466,621,0.129,0.065,-32383
3,449,457,624,1.224,0.612,-229760
3,450,437,626,2.593,1.296,-196615
3,451,417,630,2.631,1.316,-294531
3,452,417,630,0.000,0.000,-621182
3,453,405,630,1.548,0.774,-157028
3,454,407,630,0.258,0.129,-18760
3,455,403,627,0.645,0.323,-131587
3,456,395,629,1.064,0.532,-18758
3,457,395,629,0.000,0.000,-7969
3,458,381,622,2.019,1.010,-1210741
3,459,381,622,0.000,0.000,-2192750
3,460,376,623,0.658,0.329,-751477
3,461,369,622,0.912,0.456,-11898751
3,462,367,622,0.258,0.129,-3499100
3,463,365,622,0.258,0.129,-487272
3,464,358,615,1.277,0.639,-21069
3,465,358,615,0.000,0.000,-210232
3,466,356,614,0.288,0.144,-1802
3,467,353,615,0.408,0.204,-66049
3,468,337,648,4.731,2.365,-19015
3,469,324,662,2.465,1.232,-335389
3,470,322,663,0.288,0.144,-65794
3,471,317,666,0.752,0.376,-6427
3,472,316,668,0.288,0.144,-462862
3,473,316,668,0.000,0.000,-1130302
3,474,313,670,0.465,0.233,-11312
3,475,299,688,2.942,1.471,-7712
3,476,294,697,1.328,0.664,-274225
3,477,300,708,1.616,0.808,-21844
3,478,296,712,0.730,0.365,-28010
3,479,296,712,0.000,0.000,-2577
3,480,298,720,1.064,0.532,-458753
3,481,315,736,3.012,1.506,-3226649
3,482,315,736,0.000,0.000,-7622960
3,483,316,738,0.288,0.144,-13470045
3,484,318,740,0.365,0.182,-12292464
3,485,323,742,0.695,0.347,-131591
3,486,360,726,5.200,2.600,-25698
3,487,364,726,0.516,0.258,-7971
3,488,368,726,0.516,0.258,-336421
3,489,379,740,2.297,1.148,-755332
3,490,380,742,0.288,0.144,-1797
3,491,382,745,0.465,0.233,-133901
3,492,397,756,2.400,1.200,-11445389
3,493,401,759,0.645,0.323,-13145221
3,494,401,759,0.000,0.000,-11569270
3,495,405,761,0.577,0.288,-660493
3,496,413,766,1.217,0.608,-264456
3,497,414,767,0.182,0.091,-205605
3,498,415,767,0.129,0.065,-65796
3,499,415,767,0.000,0.000,-16448
3,500,439,780,3.521,1.761,-153172
